SensorName,SN,WO No.,User1,User2,User3,User4,Pressure,Flow,TestResult,TestTime
Sensor 111,080925ABR0161,123,U1,U2,U3,U4,78.79,0.85,Pass,2.01003E+13
Sensor 111,080925ABR0161,123,U1,U2,U3,U4,78.79,0.85,Pass,2.01003E+13
Sensor 111,080925ABR0161,123,U1,U2,U3,U4,78.79,0.85,Pass,2.01003E+13
Sensor 015,140815MOT0151,1,Ajayvignesh,-,-,-,0,0,Fail,0
Sensor 015,140815MOT0148,1,Ajayvignesh,-,-,-,0.000000,0.000000,Fail,0
Sensor 015,140815MOT0150,1,Ajayvignesh,-,-,-,0.000000,0.000000,Fail,0
Sensor 030,140815MOT0145,1,Ajayvignesh,-,-,-,79.596405,-0.676844,Pass,20140909215934
